title,content
"LPGA 투어 이소미, 신한금융그룹과 후원 계약","진옥동 회장에게 사인이 들어간 다우 챔피언십 18번 홀 깃발을 전달하는 이소미 미국여자프로골프, LPGA 투어에서 '민모자'를 쓰고 경기했던 이소미가 시즌 마지막 메이저대회 AIG 여자오픈부터 신한금융 로고를 달고 뜁니다. 신한금융그룹은 이소미와 메인 스폰서 계약을 했다고 밝혔습니다. 계약 기간은 내년 말까지입니다. 이소미는 LPGA 투어 2년 차인 올해를 시작하면서 후원사를 잃어 그동안 아무런 로고가 없는 모자를 쓰고 경기에 나섰습니다. 대개 연말연시에 이뤄지는 골프 선수 메인 스폰서 계약이 시즌 도중 성사되는 건 매우 이례적입니다. 하지만 지난 4월 임진희와 메인 스폰서 계약을 했던 신한금융그룹은 이번에도 시즌 중 후원에 나서는 이례적인 결정을 내렸습니다. 특히 임진희와 이소미는 지난 6월 2인 1조 방식 대회 다우 챔피언십에서 팀을 이뤄 생애 첫 우승을 합작한 인연이 있습니다. 신한금융그룹은 후원 선수인 임진희와 힘을 합쳐 우승을 따낸 이소미가 후원사 없이 투어를 뛰고 있다는 사실에 신속하게 후원을 결정했다고 밝혔습니다. 이소미는 한국여자프로골프, KLPGA 투어에서 5승을 올리고 지난해 LPGA 투어에 진출했습니다. 후원 계약 조인식 참석차 잠깐 귀국했던 이소미는 신한금융그룹 진옥동 회장에게 다우 챔피언십 우승 기념 18번 홀 깃발을 전달했습니다. 이소미는 ""후원을 결정해 준 신한금융그룹의 따뜻하고 긍정적인 에너지를 받아 더욱 큰 책임감을 갖고 좋은 모습 보여드리겠다""고 밝혔습니다. (사진=신한금융그룹 제공, 연합뉴스)"
흥국생명 레베카 입국…메디컬 테스트 후 선수단 합류,"인천공항을 통해 입국한 흥국생명의 레베카 라셈 여자 프로배구 흥국생명의 유니폼을 입고 4년 만에 V리그에 복귀하는 외국인 선수 레베카 라셈(28·등록명 레베카)이 10월 18일 개막하는 2025-2026시즌 준비를 위해 조기 입국했습니다. 오늘(29일) 흥국생명에 따르면 레베카는 전날 오후 인천국제공항을 통해 입국해 마중 나온 선수단으로부터 꽃다발을 받은 뒤 숙소로 이동했습니다. 레베카는 메디컬 테스트를 받고 다음 달 1일 선수단에 정식으로 합류해 담금질을 시작할 예정입니다. 한국배구연맹(KOVO) 규정상 외국인 선수는 8월 1일부터 합류할 수 있지만, 메디컬 테스트를 위해선 1주일 범위 안에서 조기 입국해도 무방합니다. '한국계 3세' 미국인인 레베카는 미국 텍사스주 오스틴에서 강도 높은 훈련으로 몸을 만들어왔습니다. 지난 5월 7일 여자부 외국인 선수 드래프트 때 전체 7순위로 흥국생명의 지명을 받은 레베카는 2021-2022시즌 IBK기업은행 유니폼을 입고 뛴 후 4년 만의 V리그 복귀를 앞두고 있습니다. 레베카는 기업은행 시절 '외국인 거포' 기대에 충족하지 못해 중도에 하차했던 아픔이 있는 만큼 흥국생명에선 달라진 모습을 보이겠다고 벼르고 있습니다. 그는 입국 전 집 근처 피트니스센터를 찾아 구단이 보내준 훈련 프로그램에 따라 체계적인 웨이트트레이닝을 소화했습니다. 레베카는 선수단에 합류해 세터와 호흡을 맞춘 뒤 V리그 전초전으로 9월 21일부터 28일까지 전남 여수 진남체육관에서 열리는 배구연맹컵 대회에서 복귀전을 치를 전망입니다. 배구연맹은 컵대회 외국인 선수 출전 여부를 '구단 자율'에 맡길 가능성이 큰 가운데 조만간 구단 사무국장 실무위원회 회의를 열어 방침을 결정할 계획입니다. (사진=흥국생명 배구단 제공, 연합뉴스)"
"76세 베이커 감독, WBC 니카라과 대표팀 사령탑으로 복귀","이미지 확대하기  더스티 베이커 감독을 사령탑으로 선임한 니카라과 대표팀 30년 넘게 미국프로야구 메이저리그(MLB) 사령탑으로 활동하다 은퇴한 '덕장' 더스티 베이커(76) 감독이 2026 월드베이스볼클래식(WBC)을 통해 현장으로 돌아옵니다. 니카라과 야구협회는 오늘(29일) 소셜 미디어 등을 통해 베이커 감독을 자국 대표팀 감독으로 선임했다고 밝혔습니다. 베이커 감독은 2026 WBC 본선 1라운드 D조에 속한 니카라과 대표팀을 지휘합니다. 니카라과는 베네수엘라, 도미니카공화국, 네덜란드, 이스라엘과 같은 조에 속했으며 내년 3월 미국 플로리다주 마이애미 론디포 파크에서 조별리그를 펼칩니다. 상위 2위 안에 들어야 본선 2라운드에 진출할 수 있습니다. 1949년생인 베이커 감독은 오랜 세월 MLB에 몸담은 대표적인 장수 지도자입니다. 1993년 샌프란시스코 자이언츠에서 감독 생활을 시작한 뒤 2023년 은퇴를 선언하기 전까지 통산 2천183승을 거뒀습니다. 2022년엔 휴스턴 애스트로스의 월드시리즈 우승을 지휘했습니다. 베이커 감독은 팀 융화에 능한 덕장으로 유명합니다. 현역 시절 선수들에게 먼저 다가가 소통하며 팀 분위기를 이끌었습니다. 2023년 은퇴한 베이커 감독은 지난해부터 샌프란시스코 구단 특별 고문으로 활동해왔습니다. 베이커 감독은 USA투데이와 인터뷰에서 ""2023년 미국 대표팀 감독 제의를 받았으나 휴스턴을 떠나고 싶지 않아서 사양했다""며 ""MLB 감독에서 은퇴한 지금은 국가대표팀을 이끌 적기라고 생각해 니카라과의 제의에 응했다""고 밝혔습니다. 베이커 감독은 ""인생의 멋진 경험이 될 것이라고 확신한다""며 ""니카라과 대표팀 선수들에게 많은 도움을 주고 싶다""고 덧붙였습니다. MLB 감독 복귀 여부 질문엔 손사래 쳤습니다. 베이커 감독은 ""WBC는 MLB처럼 장기레이스가 아니라서 내가 감당할 수 있는 것""이라고 했습니다. (사진=니카라과 야구협회 소셜미디어 캡처, 연합뉴스)"
"MLB 마무리투수 클라세, 스포츠 도박 혐의로 출장 정지 처분","클리블랜드 마무리 투수 에마누엘 클라세 미국프로야구 메이저리그(MLB) 클리블랜드 가디언스의 마무리 투수 에마누엘 클라세(27)가 스포츠 도박 혐의로 경기 출장 정지 처분을 받았습니다. AP 통신 등 미국 매체는 28일(현지시간) ""MLB는 조사가 이뤄지는 8월 31일까지 클라세에게 경기 출전 정지 처분을 내렸다""며 ""다만 클라세의 혐의가 확정되지 않은 만큼, 해당 조처는 '비징계 유급 휴가'(non-disciplinary paid leave)에 포함된다""고 전했습니다. 클라세의 구체적인 혐의는 알려지지 않았지만 지난달 초 비슷한 조처를 받은 같은 팀 선발 투수 루이스 오티스와 연루된 의심을 받습니다. 오티스는 6월 16일 시애틀 매리너스전과 6월 28일 세인트루이스 카디널스전 투구와 관련된 경기 조작 혐의로 조사 대상에 올라 다음 달 31일까지 유급 휴직을 받았습니다. AP는 ""두 선수가 같은 혐의를 받는 지는 명확하지 않다""고 전했습니다. 클리블랜드 구단은 이날 성명을 통해 ""MLB 사무국으로부터 두 선수 외의 다른 선수나 구단 직원이 연루되지는 않았다는 통보를 받았다""고 밝혔습니다. 클라세와 오티스는 모두 도미니카공화국 출신으로, 오티스는 지난해까지 피츠버그 파이리츠에서 뛰다가 올 시즌을 앞두고 클리블랜드로 이적했습니다. 오티스는 올 시즌 클리블랜드 선발 로테이션 한 자리를 책임지며 4승 9패, 평균자책점 4.36의 성적을 올렸습니다. 클라세는 MLB를 대표하는 마무리 투수입니다. 2022년부터 지난해까지 3년 연속 올스타에 뽑혔고, 올 시즌엔 5승 3패, 24세이브, 평균자책점 3.23으로 뒷문을 책임졌습니다. 두 선수의 비위 행위가 입증된다면 클리블랜드는 상당한 타격을 입을 것으로 보입니다. 미국 내 다양한 형태의 스포츠 도박은 합법적으로 이뤄지고 있지만, MLB는 구성원들의 베팅을 엄격하게 금지합니다. MLB 규칙 21조에 따라 선수, 심판, 관계자들이 소속팀 경기에 베팅하면 영구 제명하고, 다른 야구 경기를 대상으로 돈을 걸면 1년 자격 정지 처분을 내립니다. MLB는 지난 2월 친구와 도박 계정을 공유한 심판 팻 호버그를 해고하기도 했습니다. (사진=AP, 연합뉴스)"
"'이한범 풀타임' 미트윌란, 쇠네르위스케 꺾고 시즌 첫 승","미트윌란의 수비수 이한범 덴마크 프로축구 미트윌란의 중앙 수비수 이한범(23세) 선수가 정규리그 개막 2경기 연속 풀타임을 뛰고 팀 승리에 기여했습니다. 미트윌란은 덴마크 헤르닝의 MCH 아레나에서 열린 쇠네르위스케와 2025-2026 수페르리가 2라운드 홈 경기에서 6대 2로 이겼습니다. 개막전에서 3대 3으로 비기면서 새 시즌을 출발했던 미트윌란은 2라운드에서 시원한 대승으로 첫 승리를 챙기며 무패 행진을 이어갔습니다. 프란쿨리노 디유가 해트트릭을 작성하며 승리에 앞장섰습니다. 미트윌란의 '한국 국가대표 수비수' 이한범은 개막전에 이어 2라운드에서도 중앙 수비수로 선발 출전해 2경기 연속 풀타임을 소화했습니다. 지난해 6월 무릎 수술 뒤 합병증으로 전열에서 제외됐다가 지난달부터 훈련에 복귀한 공격수 조규성은 개막전에 이어 이번에도 출전선수 명단에서 빠졌습니다. (사진=미트윌란 SNS 캡처, 연합뉴스)"
"""LAFC, 손흥민 영입 협상에 진전…토트넘, 이적 허용 의향""","손흥민 잉글랜드 프로축구 토트넘의 손흥민 선수가 미국 메이저리그사커(MLS) 로스앤젤레스FC(LAFC)와 이적 협상에 근접하고 있다는 외신 보도가 나왔습니다. 영국 스포츠 전문 매체 '기브미스포트'는 ""LAFC가 이번 여름 이적 시장 막판에 손흥민을 영입할 수 있을 것으로 믿고 있다""며 ""현재 손흥민 측과 계약 조건에 근접하고 있다""고 전했습니다. 이 매체는 ""손흥민은 토트넘의 아시아 프리시즌 투어에 참가하고 있고, 8월 3일 한국에서 열리는 뉴캐슬(잉글랜드)과 친선전에 출전해야 하는 의무가 있다. 이 경기 이전에 토트넘이 손흥민을 이적시키면 예정 수익의 상당 부분을 잃을 수 있다. 아시아 투어 전까지 이적과 관련한 공식 발표는 없을 것""이라고 설명했습니다. 더불어 ""토트넘은 손흥민을 잔류시켜 자유계약으로 떠나게 하는 것도 받아들일 수 있지만, 33세가 된 손흥민이 새로운 도전을 원한다면 막지는 않을 것""이라고 덧붙였습니다. 2015년 8월 토트넘에 입단한 손흥민은 지난 1월 2026년 여름까지 계약을 1년 연장하는 옵션 계약에 합의했고, 최근 다양한 이적 루머가 떠오르는 상태입니다. 특히 안지 포스테코글루 감독이 경질되고 토마스 프랑크 감독이 새로 지휘봉을 잡고 팀 개편에 나서면서 올해 33살이 된 '베테랑 공격수' 손흥민의 입지도 불투명해질 것이라는 전망이 이적설을 부추기는 상황입니다. 이미 손흥민은 지난 시즌부터 토트넘과 계약 연장 확정 소식이 지체되면서 바르셀로나, 레알 마드리드(스페인), 맨체스터 유나이티드(잉글랜드), 페네르바체, 갈라타사라이(튀르키예) 등이 차기 행선지로 떠올랐습니다. 하지만 최근 사우디아라비아 클럽과 LAFC가 떠오르더니, 점차 LAFC가 유력한 이적 후보로 좁혀지는 모양새입니다. 기브미스포트는 ""토트넘이 손흥민 영입을 위한 협상을 진전시키고 있다. 토트넘은 손흥민과 계약을 1년 남겼지만 이번 여름 손흥민의 이적을 허용할 의사가 있다""고 전했습니다. 이어 ""손흥민의 영입전에는 2023년부터 영입 희망을 버리지 않은 사우디아라비아 클럽도 가세했다""며 ""사우디아라비아 측 소식통에 따르면 손흥민 영입에 4천만 달러와 추가 옵션까지 제안할 준비가 돼 있다""라고 덧붙였습니다."
"콜슨 몽고메리, 그림 같은 '다이빙 캐치'…환상 수비",메이저리그 시카고 화이트삭스 3루수 '콜슨 몽고메리' 선수의 그림 같은 다이빙 캐치 보시죠.
"큰 부상 피한 안세영…""세계선수권에 집중""","중국 오픈 준결승 도중 부상으로 기권한 안세영 선수가 귀국했습니다. 다행히 부상이 심하지 않다며, 세계선수권에서 부활을 다짐했습니다. 중국오픈 준결승 도중 무릎 통증으로 기권한 안세영은 경기 직후 인터뷰에서 눈시울을 붉혔는데요. 마음을 잘 추스른 모습으로 큰 부상은 아니라고 말했습니다. [안세영/배드민턴 국가대표 : 아시안게임처럼 크게 (부상이) 온 것 같지는 않고요. 심각하게 될 정도까지는 안 가고 싶어서 중단을 하게 됐었던 거 같습니다.] 한 시즌 최상급 4개 대회 우승을 놓친 게 아쉽지만 도약의 계기로 삼겠다고 다짐했습니다. [안세영/배드민턴 국가대표 : 재정비하는 시간이 절대 헛되지 않을 거라고 생각을 해서 홀가분한 마음으로 준비할 수 있을 것 같다는 생각이 드는 것 같아요.]"
황선우 전체 2위로 결승행…4회 연속 메달 도전,"한국 수영의 간판 황선우 선수가 세계선수권 자유형 200m에서 전체 2위로 결승에 올라 4회 연속 메달의 희망을 키웠습니다. 어젯(28일)밤 열린 200m 준결승에서 황선우는 초반부터 쾌속 질주했습니다. 가장 빠른 스타트 속도로 출발해 50미터와 100미터, 150미터를 모두 1위로 통과했습니다. 마지막 50미터에서 미국의 홉슨에게 역전을 허용해 2위로 골인했지만, 1분 44초 84의 올 시즌 개인 최고 기록으로 전체 2위에 올라 결승에 진출했습니다. 이 종목 디펜딩 챔피언이자 3회 연속 메달에 빛나는 황선우는 지난해 파리 올림픽에서 결승 진출에 실패하며 슬럼프를 겪었지만, 이번 결승 진출로 다시 자신감을 찾게 됐습니다. 황선우는 오늘 밤 결승에서 4회 연속 메달에 도전합니다."
KIA ↔ NC '3대 3 초대형 트레이드' 성사,"<앵커> 프로야구에서 초대형 트레이드가 발표됐습니다. 지난해 KIA의 주전 외야수였던 최원준과 이우성 선수가 NC로 옮겼고, KIA는 김시훈과 한재승 등 불펜 투수들을 영입했습니다. 전영민 기자입니다. <기자> KIA는 지난해 주전 외야수로 활약했던 최원준과 이우성, 내야 유망주 홍종표를 NC로 보내고, 불펜 투수 김시훈과 한재승, 내야수 정현창을 받는 3대 3 트레이드에 합의했습니다. 올 시즌 내내 헐거워진 불펜 때문에 고전하며 최근 6연패를 당해 공동 5위로 추락한 KIA는 이달 들어 불펜 강화를 위해 NC와 협상을 벌이다 합의에 이른 것으로 알려졌습니다. 마무리 투수 정해영과 조상우, 이준영, 최지민이 집단 부진에 빠진 상황에서 김시훈과 한재승은 당장 KIA 계투조의 핵심으로 활약할 전망입니다. NC는 타선에 숨통을 트게 됐습니다. 지난해 홈런왕 데이비슨이 부상으로 이탈한 가운데, 박건우, 손아섭, 권희동 등 베테랑 선수들이 쉴 틈 없이 뛰며 체력 안배에 애를 먹었던 NC는 최원준과 이우성을 영입해 기용의 폭을 넓힐 수 있게 됐습니다. 특히 최원준은 올 시즌 NC의 약점이던 주전 중견수 자리에 곧장 투입될 전망입니다. NC는 이우성과 최원준을 1군 선수단에 등록하며 오늘(29일) 롯데전 출전을 예고했습니다. (영상편집 : 박기덕, 디자인 : 장예은)"
"'LPGA 투어 데뷔전 우승' 로티 워드, 세계 랭킹 24위로 상승","로티 워드 여자 골프 사상 세 번째로 프로 데뷔전에서 미국여자프로골프(LPGA) 투어 대회 정상에 오른 로티 워드(잉글랜드)가 세계랭킹을 대폭 끌어올렸습니다. 이번 주 새로 발표된 세계랭킹에서 워드는 지난주(62위)보다 38계단 오른 24위가 됐습니다. 워드는 그제 영국 스코틀랜드 에어셔에서 끝난 ISPS 한다 스코틀랜드 여자오픈에서 최종 합계 21언더파로 우승했습니다. 지난 16일 프로 전향을 선언한 이후 첫 출전한 대회를 제패했습니다. 프로 데뷔전에서 LPGA 투어 우승을 차지한 것은 1951년 베벌리 핸슨, 2023년 로즈 장(이상 미국)에 이어 워드가 세 번째입니다. 스코틀랜드 오픈에서 준우승한 김효주는 2계단 오른 8위가 됐고, 스코틀랜드 오픈 3위 김세영은 50위에서 35위로 상승했습니다. 넬리 코르다(미국), 지노 티띠꾼(태국), 리디아 고(뉴질랜드)는 그대로 1, 2, 3위를 유지했습니다. (사진=AP, 연합뉴스)"
"한국 U-19 남자배구, 핀란드에 져 3연승 후 첫 패배","득점 후 기뻐하는 한국 U-19 남자배구 대표팀 선수들 한국 19세 이하(U-19) 남자 배구 기대주들이 2025 국제배구연맹(FIVB) U-19 세계선수권대회에서 3연승 뒤 첫 패를 당했습니다. 김종일 감독이 이끄는 U-19 남자 대표팀은 우즈베키스탄 타슈켄트에서 열린 대회 D조 조별리그 4차전에서 풀세트 끝에 핀란드에 3대 2로 졌습니다. 쌍포 이준호(23득점)와 방강호(15득점)를 앞세워 접전을 펼쳤지만 세트 스코어 2대 1로 앞서다 아쉽게 역전을 허용했습니다. 이로써 쿠바와 1차전, 콜롬비아와 2차전, 브라질과 3차전에서 잇달아 3대 0으로 승리하며 16강 진출을 확정했던 우리 팀은 3연승 후 첫 패배를 허용했습니다. 3승 1패를 기록한 우리나라는 4연승을 달린 핀란드에 D조 1위를 내주고 2위로 내려앉았습니다. 이번 대회엔 총 24개국이 참가해 6개 팀씩 4개 조로 조별리그를 벌이고 각 조 4위까지 16강에 오릅니다. 우리나라는 직전 2023년 아르헨티나 대회 때 미국을 누르고 동메달을 획득했고 이번 대회에서 2회 연속 메달을 노립니다. 우리나라는 내일 조 4위인 미국(2승 2패)과 조별리그 마지막 경기를 치릅니다. (사진=FIVB 홈피 캡처, 연합뉴스)"
"양쪽 손가락 4개씩인 존스, 여자프로테니스 125 등급 대회 우승","이미지 확대하기  프란체스카 존스 프란체스카 존스(영국)가 여자프로테니스(WTA) 125 등급 대회 단식에서 우승했습니다. 존스는 27일(현지시간) 이탈리아 팔레르모에서 열린 WTA 125 팔레르모 레이디스오픈(총상금 11만 5천 달러) 대회 마지막 날 단식 결승에서 아누크 쾨베르만스(201위·네덜란드)를 2-0(6-3 6-2)으로 제압했습니다. 존스는 양쪽 손가락이 4개씩이고, 발가락은 총 7개로 태어났습니다. 영국 테니스협회는 ""존스는 유전성 질환인 외배엽성 이형성증으로 인해 손가락과 발가락 개수가 다른 선수들에 비해 적다""며 ""수년에 걸쳐 수술받아야 했다""고 설명했습니다. 2000년생인 존스는 단식 세계 랭킹 101위에서 84위로 오르게 됐습니다. 존스가 단식 세계 랭킹 100위 이내에 진입한 것은 이번이 처음입니다. 이번에 우승한 WTA 125 대회는 정규 투어보다 한 등급 아래에 해당하며 남자프로테니스(ATP)와 비교하면 챌린저 대회인 셈입니다. 존스가 WTA 125 대회 단식에서 우승한 것은 이달 초 프랑스 대회에 이어 이번이 두 번째입니다. 그는 2021년 호주오픈과 윔블던, 지난해 윔블던 등 메이저 대회 단식 본선에 세 차례 출전해 모두 1회전 탈락했습니다. (사진=영국테니스협회 소셜 미디어 사진 캡처, 연합뉴스)"
"황선우, 전체 2위로 세계선수권 자유형 200ｍ 결승 진출","세계선수권 남자 자유형 200ｍ 결승에 진출한 황선우 세계수영선수권대회 남자 자유형 200ｍ에서 4연속 메달을 노리는 황선우(강원도청)가 전체 2위로 결승에 올랐습니다. 황선우는 28일 오후 싱가포르 세계수영선수권대회 아레나에서 열린 2025 세계수영연맹(World Aquatics) 세계선수권대회 경영 종목 둘째 날 남자 자유형 200ｍ 준결승에서 1분 44초 84의 준수한 기록으로 16명 가운데 2위를 차지해 결승에 올랐습니다. 이는 파리 올림픽 이 종목 금메달리스트 다비드 포포비치(루마니아)의 1분 45초 02(5위)보다 0.18초 앞선 기록입니다. 준결승 전체 1위는 파리 올림픽 남자 자유형 200ｍ 동메달리스트 루크 홉슨(미국·1분 44초 80)이 차지했습니다. 앞서 이날 오전에 열린 예선에서 황선우는 1분 46초 12의 기록으로 전체 8위를 차지해 준결승 티켓을 따낸 바 있었습니다. 황선우는 지난해 카타르 도하에서 열린 세계선수권 남자 자유형 200ｍ에서 금메달을 목에 걸었습니다. 또한 2022 부다페스트 대회 은메달, 2023 후쿠오카 대회 동메달 등 세계선수권에서 3회 연속 시상대에 올랐습니다. 황선우는 한국시간으로 29일 오후 8시 2분 같은 장소에서 시작하는 남자 자유형 200ｍ 결승에서 세계선수권대회 4회 연속 메달을 노립니다. 황선우의 결승 진출은 파리 올림픽의 아픔을 극복했다는 데 의미가 있습니다. 작년 2월 도하 세계선수권대회 자유형 200ｍ 챔피언 황선우는 페이스 배분 실패 탓에 오랜 시간 준비했던 파리 올림픽 무대에서 결승 진출조차 실패하는 아픔을 맛봤습니다. 황선우는 파리 올림픽 자유형 200ｍ 예선에서 순조롭게 4위로 준결승에 올랐으나 준결승에서는 9위에 그쳐 8명이 겨루는 결승에 나서지 못했습니다. 이후 자신의 수영을 돌아보고 불안감에 시달리기도 했던 황선우는 이번 세계선수권대회 결승 진출로 자신감을 되찾게 됐습니다. 도하 대회에서 자유형 400ｍ의 김우민(강원도청)과 한방을 쓰며 금메달을 합작해 '금메달 셀카'를 남겼던 황선우는 이번 대회도 '메달 셀카'를 예고한 바 있었습니다. 김우민은 경영 종목 첫날인 27일 남자 자유형 400ｍ에서 동메달을 목에 걸고 세계선수권대회 2회 연속 메달을 완성했습니다. 황선우는 29일 자유형 200ｍ 결승에서 메달을 획득해 이번 대회 동메달을 딴 김우민이 기다리는 숙소로 돌아가는 게 목표입니다. 여자 배영 100ｍ 준결승에서는 김승원(경기 구성중)이 1분 00초 54로 16명 가운데 최하위에 그쳐 결승 티켓을 얻지 못했습니다. 앞서 열린 남자 평영 100ｍ 결승에서는 친하이양(중국)이 58초 23의 기록으로 금메달을 차지했습니다. 후쿠오카 대회 남자 수영 4관왕에 올랐던 친하이양은 작년 도하 대회는 올림픽 준비 때문에 출전하지 않았습니다. 2위는 니콜로 마르티넨기(이탈리아·58초58), 3위는 데니스 페트라쇼프(키르기스스탄·58초88)였습니다. 여자 접영 100ｍ 결승에서는 그레천 월시(미국)가 54초 73의 기록으로 가장 먼저 터치패드를 찍었습니다. 루스 판 오터다이크(벨기에·55초 84)가 은메달, 알렉산드리아 퍼킨스(호주·56초 33)가 동메달이었습니다. 남자 접영 50ｍ 결승에서는 막심 그루세(프랑스)가 22초48로 금메달을 목에 걸고, 노에 폰티(스위스·22초 51)와 토마스 체콘(이탈리아·22초67)이 뒤를 이었습니다. 이날 경영 일정 가운데 마지막 경기인 여자 개인혼영 200ｍ에서는 파리 올림픽 여자 수영 3관왕 서머 매킨토시(캐나다)가 2분06초69로 자신의 6번째 세계선수권대회 금메달을 목에 걸었습니다. 알렉스 월시(미국·2분 08초 58)가 2위, 마리소피 아르베(캐나다·2분 09초 15)가 3위였습니다. 12세의 나이로 이 종목 결승에 진출해 화제를 모았던 중국의 수영 천재 위쯔디는 3위 아르베에 0.06초 뒤처진 2분09초21에 터치패드를 찍고 4위를 했습니다. 위쯔디는 이번 대회 개인혼영 400ｍ와 접영 200ｍ에서 1936년 베를린 올림픽 여자 평영 200ｍ 동메달 잉에 쇠렌센(덴마크) 이후 89년 만에 가장 어린 메이저 수영 대회 메달리스트를 노립니다. 다이빙에서는 남자 3ｍ 싱크로에 출전한 신정휘(국민체육진흥공단)와 이재경(인천광역시청)이 364.41점으로 10위에 올라 결승 진출에 실패했습니다. 여자 10ｍ 싱크로에 나선 고현주와 문나윤(이상 제주도청)은 270.60점을 획득, 9위로 경기를 마쳐 상위 8팀이 올라가는 결승 티켓을 아쉽게 놓쳤습니다."
"잉글랜드, 승부차기 혈투 끝 우승…여자 유로 2연속 제패",여자축구 유럽선수권 결승에서 잉글랜드가 승부차기 혈투 끝에 스페인을 꺾고 2회 연속 정상에 올랐습니다.
"큰 부상 피한 안세영…""세계선수권에 집중""","중국오픈 경기 도중 부상으로 기권한 안세영 선수가 오늘(28일) 귀국했는데요. 다행히 부상은 심하지 않은 것 같다며 다음 달 세계선수권을 목표로 회복에 집중하겠다고 밝혔습니다. 그제 중국오픈 준결승 도중 무릎 통증으로 기권한 안세영은 경기 직후 인터뷰에서 눈시울을 붉혔는데요. 마음을 잘 추스른 모습으로 큰 부상은 아니라고 담담하게 말했습니다. [안세영/배드민턴 국가대표 : 아시안게임처럼 크게 (부상이) 온 것 같지는 않고요. 심각하게 될 정도까지는 안 가고 싶어서 중단을 하게 됐었던 거 같습니다.] 사상 처음으로 한 시즌 최상급 4개 대회 우승을 눈앞에서 놓친 건 아쉬움이 남지만, [안세영/배드민턴 국가대표 : 아무래도 많은 분들이 기대해 주시고 경기력 또한 다 좋았기 때문에 아쉬운 부분은 있지만….] 한 단계 더 도약하는 계기로 삼겠다고 다짐했습니다. [안세영/배드민턴 국가대표 : 재정비하는 시간이 절대 헛되지 않을 거라고 생각을 해서 세계선수권을 준비할 때는 전보다는 또 홀가분한 마음으로 준비할 수 있을 것 같다는 생각이 드는 것 같아요.]"
400m 계주 '금빛 피날레'…희망의 바통 터치!,"<앵커> 독일에서 열린 하계 유니버시아드가 12일간 열전을 마쳤는데요. 남자 400m 계주대표팀이 한국 육상 계주 사상 첫 금메달을 합작하며 피날레를 장식했습니다. 홍석준 기자입니다. <기자> 힘찬 포효로 각오를 다진 서민준부터, [서민준/육상 남자 400m 계주 대표팀 : 악!] 조엘진과 이재성, 김정윤까지 네 선수는 말 그대로 완벽한 호흡을 뽐냈습니다. 출발 총성과 함께 힘차게 치고 나간 서민준이, 물 흐르듯 자연스럽게 바통을 넘기자, 탄력을 받은 조엘진이 선두로 치고 나갔습니다. 200m 동메달리스트 이재성은 곡선 주로를 매끄럽게 내달려 선두를 지켰고, 마지막 주자 김정윤은 앞만 보고 질주해, 3관왕을 노리던 남아공 왈라자와 격차를 벌린 뒤 38초 50에 가장 먼저 결승선을 통과했습니다. 한국 육상 사상 첫 세계 종합 대회 계주 금메달에, 우리 선수들은 믿기지 않는 표정을 짓다가 환호했고, 함께 태극기를 두르고 기쁨을 만끽했습니다. [이재성/육상 남자 400m 계주 대표팀 : 저희는 무조건 금메달 (딸 거라고) 봤고요. 확정 지었고요!] 세계선수권 출전을 목표로 집중 담금질에 나선 400m 계주 대표팀은, 지난 5월 세 차례나 한국 기록을 깨뜨리며 아시아선수권 첫 우승을 차지한 데 이어, 이번 대회에서는 마지막 주자를 바꾸고도 한국 기록과 단 0.01초 차를 보일 정도로 흔들림 없는 원팀이 됐습니다. [나마디 조엘진/육상 남자 400m 계주 대표팀 : 저희 팀에서는 믿음이 가장 중요했던 것 같습니다.] [서민준/육상 남자 400m 계주 대표팀 : 세계선수권 티켓을 딸 수 있도록 다시 한번 한국 신기록을 깰 수 있도록 더 노력하겠습니다.] 계주 대표팀의 금빛 피날레로, 우리 선수단이 21개의 금메달을 따내며 이번 대회를 마감한 가운데, 폐회식에서는 대회기가 다음 개최지 대한민국 충청에 넘겨졌고, 전통과 현대를 넘나드는 문화 공연이 이어지며, 대학생 스포츠 최대 축제는 2027년 충청에서 다시 만날 것을 기약했습니다. (영상편집 : 박정삼, 디자인 : 이연준)"
'4회 연속 메달 도전' 시동 걸었다!,"수영 세계선수권 자유형 200m에서, 디펜딩 챔피언 황선우 선수가 가볍게 예선을 통과해 4회 연속 메달을 향한 시동을 걸었습니다. 파리올림픽 금메달리스트 포포비치, 동메달리스트 루크 홉슨과 함께 예선 마지막 조로 나선 황선우는 5번 레인에서 힘차게 출발했습니다. 초반에는 치열하게 선두 경쟁을 펼치다가 중반부터 페이스를 조절해 1분 46초 12에 터치패드를 찍었습니다. 조 5위, 전체 8위로 상위 16명이 진출하는 준결승에 오른 황선우는, 잠시 후 준결승에 나서 한국 선수 사상 첫 네 대회 연속 메달을 향해 다시 물살을 가릅니다. 배영 100m에 출전한 15살 중학생 김승원은, 1분 00초 56으로 전체 15위를 기록해 준결승행 티켓을 따냈습니다."
KIA ↔ NC '3대 3 초대형 트레이드' 성사,"<앵커> 프로야구에서 초대형 트레이드가 발표됐습니다. 지난해 기아의 주전 외야수였던 최원준과 이우성 선수가 NC로 옮겼고, KIA는 김시훈과 한재승 등 불펜 투수들을 영입했습니다. 전영민 기자입니다. <기자> KIA는 지난해 주전 외야수로 활약했던 최원준과 이우성, 내야 유망주 홍종표를 NC로 보내고, 불펜 투수 김시훈과 한재승, 내야수 정현창을 받는 3대 3 트레이드에 합의했습니다. 올 시즌 내내 헐거워진 불펜 때문에 고전하며 최근 6연패를 당해 공동 5위로 추락한 KIA는, 이달 들어 불펜 강화를 위해 NC와 협상을 벌이다 오늘(28일) 오후 합의에 이른 것으로 알려졌습니다. 마무리 투수 정해영과 조상우, 이준영, 최지민이 집단 부진에 빠진 상황에서, 김시훈과 한재승은 당장 KIA 계투조의 핵심으로 활약할 전망입니다. NC는 타선에 숨통을 트게 됐습니다. 지난해 홈런왕 데이비슨이 부상으로 이탈한 가운데, 박건우, 손아섭, 권희동 등 베테랑 선수들이 쉴 틈 없이 뛰며 체력 안배에 애를 먹었던 NC는, 최원준과 이우성을 영입해 기용의 폭을 넓힐 수 있게 됐습니다. 특히 최원준은 올 시즌 NC의 약점이던 주전 중견수 자리에 곧장 투입될 전망입니다. NC는 이우성과 최원준을 오늘 1군 선수단에 등록하며 내일 롯데전 출전을 예고했습니다. (영상편집 : 박기덕, 디자인 : 장예은)"
"대한체육회, 싱가포르 세계수영선수권 무대로 본격 스포츠 외교","이미지 확대하기  대한체육회 로고 대한체육회는 싱가포르에서 진행 중인 세계수영연맹(World Aquatics) 세계선수권대회를 스포츠 외교의 무대로 삼고 있다고 오늘(28일) 밝혔습니다. 지난 11일부터 시작한 이번 대회는 다음 달 3일까지 이어지며, 국제올림픽위원회(IOC)와 아시아올림픽평의회(OCA), 각국 국가올림픽위원회(NOC) 등 각국 스포츠계 고위 인사가 대거 참석했습니다. 유승민 대한체육회장은 커스티 코번트리 IOC 위원장, 세르미앙 응 IOC 위원, 고든 탕 OCA 부위원장, 후세인 알 무살람 OCA 사무총장 등과 면담을 통해 다양한 분야에서 협력 가능성을 논의했습니다. 특히 코번트리 IOC 위원장은 지난 15일 대한체육회 창립 105주년 기념행사에 화상으로 축하 인사를 전한 데 이어, 이번 대회에서도 양 기관 간 지속적인 협력 의사를 밝혔습니다. 유 회장은 코번트리 IOC 위원장에게 대한민국 국가대표 선수단 사인이 담긴 기념 티셔츠를 직접 전달했습니다. 또한 유 회장은 위톨드 반카 세계반도핑기구(WADA) 위원장과 만나 올해 말 예정된 부산 WADA 총회의 성공 개최를 위한 협력 방안을 논의했습니다. 이미지 확대하기 (사진=연합뉴스TV 제공, 연합뉴스)"
"'슈퍼 1000 슬램 무산' 안세영 ""재정비 시간 헛되지 않을 것""","배드민턴 안세영이 28일 인천국제공항 1터미널을 통해 귀국 후 취재진 질문에 답하고 있다. 부상으로 '슈퍼 1000 슬램' 문턱을 넘지 못한 배드민턴 여자 단식 최강자 안세영(삼성생명)은 아쉬움을 감추지 못하면서도 재정비의 기회로 삼겠다며 다음을 기약했습니다. 안세영은 세계배드민턴연맹(BWF) 슈퍼 1000 일본오픈과 중국오픈을 마치고 오늘(28일) 인천국제공항으로 귀국해 ""마무리가 좋지는 않았지만, 제 경기를 할 수 있어서 무척 좋았고 좋은 결과도 낼 수 있어서 기쁘다""고 소감을 밝혔습니다. 안세영은 26일 한웨(중국)와의 중국오픈 여자 단식 4강 2게임 도중 무릎 상태가 좋지 않아 기권했습니다. 사상 최초로 한 해에 4개의 슈퍼 1000 시리즈 대회를 석권하는 '슈퍼 1000 슬램'에 도전했던 대회라 안세영으로선 아쉬움이 짙게 남을 수밖에 없었습니다. 슈퍼 1000은 BWF 월드투어 중 랭킹 포인트와 상금이 가장 많이 걸린 4개의 최상위급 대회로, 한 해에 이를 모두 제패한 선수는 아직 없습니다. 안세영은 ""많은 분이 기대해주시고 저도 기대했고, 몸 상태와 경기력이 매우 좋았기에 아쉬웠다. 당연히 할 수 있을 거라고 생각하고 욕심을 많이 냈던 것 같다""며 ""다음 기회가 있을 거라고 생각하고 잘 기다려야 할 것 같다""고 말했습니다. 무릎에 대해서는 ""계속 좋지 않다고 느끼긴 했다. 피로가 누적되면서 저도 관리가 조금 소홀했던 것 같다. 심각한 정도까지는 가지 않으려고 기권했다""면서 ""(2023년 항저우) 아시안게임 때처럼 큰 부상은 아니다. 그때보다는 빠르게 복귀할 수 있을 것""이라고 전했습니다. 이어 ""국내에서 진단을 한 번 더 받아볼 계획이다. MRI도 찍어보고 앞으로의 방향을 세세하게 잡을 것""이라고 덧붙였습니다. 그래도 안세영은 20일 막을 내린 일본오픈까지 이번 시즌 6승을 거두며 세계 최강의 입지를 더욱 굳게 다졌습니다. 그는 ""제 목표 중 하나가 꾸준한 선수가 되는 것이었는데, 이번 시즌 큰 기복 없이 그런 모습을 보인 것 같아 뿌듯하다""고 자평했습니다. ""아쉬운 부분이 있지만, 재정비하는 시간이 절대 헛되지 않을 것이라고 생각해서 다시 마음을 빨리 다잡을 수 있었다""고 강조한 안세영은 다음 달 25일부터 프랑스 파리에서 열리는 세계선수권대회를 바라봤습니다. 파리는 안세영이 지난해 올림픽 챔피언에 오른 곳이라 이번 대회는 더욱 남다른 의미를 지닙니다. 안세영은 한국 배드민턴 선수 최초로 세계개인선수권대회 단식 종목을 제패했던 2023년에 이어 2연패를 노립니다. 안세영은 ""이번 세계선수권대회는 전보다 홀가분한 마음으로 준비할 수 있을 것 같다. 전에는 승부와 결과에만 집착했다면, 지금은 제 플레이와 멋진 모습을 보여 드리겠다는 생각이 더 커서 굉장히 설렌다""며 ""선수라면 언제나 최정상에 올라가는 것을 목표로 둔다. 올라가기까지 과정에 집중하며 훈련할 것""이라며 미소 지었습니다. 그는 ""이번 기회로 제 경기를 어떻게 해야 하는지, 어디를 보완할지 더 알게 됐다. 공격력을 추구하다 보니 템포 조절이나 경기 운영에서 일정하지 못한 부분이 있었는데, 그런 것들이 좋아진다면 제가 원하는 조금 더 완벽한 플레이가 나오지 않을까 생각한다""며 더 강한 모습을 예고했습니다. (사진=연합뉴스)"
"KIA·NC, 최원준·김시훈 포함된 3대 3 대형 트레이드","지난 6월 8일 광주 기아챔피언스필드에서 열린 프로야구 한화 이글스와 KIA 타이거즈의 경기. KIA 8회말 1사 1루 한준수의 안타 때 1루 주자 최원준이 한화 중견수의 실책을 틈타 홈까지 파고들어 득점하고 있다. 프로야구 KIA 타이거즈와 NC 다이노스가 선수 3명씩 맞바꾸는 대형 트레이드에 합의했다고 오늘(28일) 발표했습니다. KIA에서는 외야수 최원준(28)과 이우성(31), 내야수 홍종표(25)가 NC로 이적하고, NC 투수 김시훈(26)과 한재승(24), 내야수 정현창(19)이 호랑이 유니폼을 입습니다. KIA가 내놓은 야수 3명은 모두 1군에 당장 기용할 수 있는 선수입니다. 최원준은 2016년 KIA에 입단한 뒤 주전급 외야수로 활약했고, 통산 9시즌 동안 882경기에서 타율 0.280, 719안타, 405득점, 258타점, 29홈런을 기록했습니다. 올 시즌이 끝나면 자유계약선수(FA) 자격을 취득합니다. 이우성은 두산 베어스와 NC를 거쳐 2019년 KIA에 입단해 백업 외야수로 뛰다가 2023년 타율 0.301, 8홈런, 58타점으로 기량을 꽃피웠지만, 이번 시즌에는 타율 0.219에 홈런 2개, 15타점으로 입지가 좁아졌습니다. 홍종표는 2020년 KIA에 입단한 선수로 지난해 백업 내야수로 발돋움해 100경기에 출전하는 등 활약상을 보였지만 사회관계망서비스(SNS)에서 물의를 일으키는 등 잡음을 빚었습니다. 오른손 투수 김시훈은 2018년 1차 지명으로 NC에 입단했습니다. 프로 통산 4시즌 174경기 11승 12패, 29홀드, 3세이브, 평균자책점 4.34를 찍은 불펜 필승조 자원입니다. 다만 이번 시즌은 15경기 1홀드, 평균자책점 8.44로 고전 중입니다. 한재승은 2021년 NC에 입단했으며 4시즌 92경기 1승 4패, 8홀드, 평균자책점 3.66을 찍었습니다. 올 시즌 18경기에서 1패, 평균자책점 3.00으로 NC 뒷문을 지켰습니다. 또한 우투좌타 내야수 정현창은 올해 NC에 입단했으며, 1군에서는 4경기에 출전했습니다. 퓨처스(2군) 리그에서는 타율 0.321에 1홈런, 6도루, 19타점, 29득점으로 가능성을 보여줬습니다. 최근 불펜이 무너지며 6연패에 빠진 KIA는 이번 트레이드를 통해 마운드를 보강했습니다. 심재학 KIA 단장은 ""이번 트레이드로 즉시 전력감 오른팔 불펜과 미래 내야수 자원을 확보했다. 김시훈은 필승조로 활약했을 정도로 구위가 좋고, 한재승도 빠른 공과 구위를 지녔다. 두 선수 모두 불펜에서 힘을 보탤 것""으로 기대했습니다. 또한 정현창에 대해서는 ""준수한 콘택트 능력과 수비를 갖췄다. 향후 팀 경쟁력 강화에 큰 보탬이 될 것""이라고 말했습니다. NC는 그동안 고민이었던 중견수 자리를 최원준 영입으로 채울 수 있게 됐습니다. 임선남 NC 단장은 ""이번 트레이드로 중견수 보강과 장타력 강화를 동시에 해결했다. 최원준은 공·수·주 고루 균형 잡힌 선수로 팀에 큰 힘이 될 것이다. 이우성은 장타력을 갖춘 타자이며, 홍종표는 내야 여러 포지션을 탄탄하게 만들 적임자""라고 말했습니다. 이번에 이적한 선수들은 오는 29일 새로운 팀에 합류할 참입니다. (사진=연합뉴스)"
"두산 오명진, 옆구리 근육 손상…1군 엔트리 말소","12일 대전 한화생명 볼파크에서 열린 2025 신한 SOL뱅크 KBO 올스타전. 3회초 1사 1루 드림 올스타 오명진이 타석에 들어서고 있다. 올 시즌 프로야구 두산 베어스의 새로운 주전 2루수로 자리매김한 오명진이 부상으로 잠시 1군에서 이탈합니다. 두산 구단은 경기가 없는 오늘(28일) 오명진을 1군 엔트리에서 말소했습니다. 오명진은 27일 잠실 LG 트윈스전에서 3회 수비 도중 다이빙캐치를 시도하다 왼쪽 옆구리에 통증을 느껴 교체됐습니다. 이날 정밀 검진 결과 왼쪽 내복사근(옆구리 안쪽 근육)이 미세하게 손상됐다는 진단이 나왔습니다. 두산 구단은 ""이틀에서 사흘 휴식하고 상태를 점검할 예정""이라고 밝혔습니다. 이날 KIA 타이거즈와 NC 다이노스가 단행한 3대 3 대형 트레이드 여파로 1군 엔트리도 요동쳤습니다. KIA는 최원준과 이우성, 홍종표를 내줬고, NC는 김시훈과 한재승, 정현창을 보냈습니다. NC는 주전급 외야수인 최원준과 이우성의 1군 자리를 마련하고자 외야수 박시원과 내야수 오태양을 1군에서 말소했습니다. 최원준과 이우성은 곧바로 NC 소속으로 1군 엔트리에 등록됐습니다. 또한 KIA는 투수 김태형과 김현수를 1군에서 말소해 NC에서 데려온 선수를 위한 자리를 미리 마련했습니다. KIA는 NC와 다르게, 이날 1군에 선수를 등록하지는 않았습니다. 한편 LG 트윈스는 외야수 송찬의와 포수 김성우를 1군에서 말소했습니다. 송찬의는 전날 잠실 두산전에서 대주자로 출전했다가 견제로 아웃 돼 찬물을 끼얹었습니다. 삼성 라이온즈는 외야수 이성규를 말소했고, 한화 이글스는 외야수 이진영을 뺐습니다. 리그 최하위 키움 히어로즈는 외야수 변상권과 투수 이준우를 1군 명단에서 제외했습니다. (사진=연합뉴스)"
"KPGA '투어 챔피언십', 5년간 제주 테디밸리서 개최","김원섭(왼쪽) 대표와 김민 부회장 올해 한국프로골프(KPGA) 투어 시즌을 마무리하는 최종전 투어챔피언십의 개최 코스가 제주도 서귀포시 테디밸리 골프&리조트로 정해졌습니다. KPGA 투어(대표 김원섭)와 테디밸리 골프&리조트(부회장 김민)는 KPGA 투어 투어챔피언십을 올해부터 2029년까지 5년 동안 테디밸리 골프&리조트에서 개최한다는 협약을 했다고 밝혔습니다. 올해 투어챔피언십은 오는 11월 6일부터 나흘 동안 열립니다. 투어 챔피언십은 제네시스 포인트 70위 이내 선수만 출전해 컷 없이 치러지고, 총상금은 11억 원입니다. 지난해에 제주도 사이프러스 골프&리조트에서 열렸던 투어챔피언십은 2년 연속 제주도에서 개최됩니다. 올해는 특별히 '투어챔피언십 인 제주'라는 공식 명칭을 붙였습니다. 테디밸리 골프&리조트는 BC카드클래식, 두산위브 챔피언십 등 한국여자프로골프(KLPGA) 투어 대회를 여러 번 개최했지만, KPGA 투어 대회가 열리는 것은 이번이 처음입니다. 테디밸리 골프&리조트는 평균 해발 190m의 낮은 고도에 자리 잡아 제주도 골프장 가운데 안개와 바람의 영향을 덜 받는 곳으로 알려졌습니다. (사진=KPGA 제공, 연합뉴스)"
마지막 순간 '우승 후보'의 뼈아픈 실수?…남자 계주 대표팀 새 역사 쓴 순간,"어제 막을 내린 독일 하계 세계대학경기대회(U대회)에서 한국 육상 남자 계주 400ｍ 대표팀이 사상 처음으로 금메달을 합작했습니다. 서민준(서천군청), 나마디 조엘진(예천군청), 이재성(광주광역시청), 김정윤(한국체대) 순으로 달려 38초 50에 결승선을 통과한 계주 대표팀은 지난 5월 구미 아시아선수권에서 한국 기록을 세우며 대회 사상 처음 우승한 데 이어 U대회에서도 금빛 질주를 이어갔습니다. (취재  : 이정찬, 구성·편집 : 한지승, 디자인  : 정유민, 제작 : 디지털뉴스제작부)"
프로야구 한화 홈구장서 간판 연결 부위 탈락…오늘 보강 시공,"대전 한화생명 볼파크 전경 프로야구 한화 이글스의 홈 경기장인 대전 한화생명 볼파크에서 간판 볼트 연결 부위 중 한쪽이 떨어지는 사고가 발생했습니다. 한화 구단은 ""어제 오후 5시 17분경 1루 쪽 벽걸이 간판의 볼트 체결 부위 중 한쪽이 탈락했으나 다행히 인명피해는 없었다""고 28일 밝혔습니다. 어제 오후 6시부터 SSG 랜더스와 한화의 경기가 열렸고, 1만7천 명 만원 관중이 입장한 상태였기 때문에 자칫 인명피해가 일어날 수도 있었습니다. 올해 3월 경남 창원 NC파크에서는 경기장 내 설치물이 떨어져 야구팬 한 명이 사망하고 2명이 다치는 사고가 발생했습니다. 이 사고로 인해 창원 NC파크에서는 5월까지 약 두 달 정도 경기가 열리지 못했습니다. 한화는 ""현장 조치 이후 시공사인 계룡건설이 같은 방식의 간판을 전수 조사하며 점검했다""며 ""27일 경기가 끝난 뒤 대전시와 시공사가 현장 점검을 마쳤고 같은 방식의 간판에 28일부터 와이어 보강 시공을 통해 내일 경기 시작 전까지 완료할 예정""이라고 설명했습니다. 내일 오후 6시부터는 삼성 라이온즈와 한화의 경기가 같은 장소에서 개최됩니다. 대전 한화생명 볼파크는 올해부터 한화의 홈 경기장으로 개장한 곳입니다. (사진=연합뉴스)"
"KBO, 체코 야구협회와 업무 협약…11월 두 차례 평가전","허구연 KBO 총재(오른쪽)와 얀차렉 주한 체코대사. KBO가 체코야구협회와 11월 8, 9일 서울 구로구 고척스카이돔에서 국가대표 평가전을 치르기로 했다고 오늘 밝혔습니다. KBO는 이날 ""서울 강남구 KBO스튜디오에서 체코야구협회와 평가전 개최 협약식을 개최했다""며 ""11월 8, 9일에 고척스카이돔에서 열리는 평가전은 11월 소집 예정인 우리나라 야구 대표팀의 첫 공식 경기가 될 것""이라고 발표했습니다. 이날 협약식에는 KBO 허구연 총재와 이반 얀차렉 주한체코대사 등이 참석했습니다. 이번 평가전은 지난해 11월 쿠바와 평가전으로 시작한 K-베이스볼 시리즈의 일환으로 올해 야구 대표팀 경쟁력 강화 및 경험 축적을 위해 마련했습니다. 체코는 세계야구소프트볼연맹(WBSC) 세계 랭킹 15위에 올라 있으며 유럽에서는 네덜란드(8위), 이탈리아(14위) 다음에 자리한 나라입니다. 또 2026년 일본 도쿄에서 열리는 월드베이스볼클래식(WBC) 본선 라운드에서 우리나라와 같은 C조에 편성돼 11월 평가전은 두 나라 모두에 상대 전력을 탐색할 기회가 될 것으로 예상됩니다. 류지현 감독이 지휘하는 한국 야구 대표팀은 2026년 3월 일본 도쿄에서 열리는 WBC 조별리그 C조에서 일본, 호주, 체코, 타이완과 함께 C조에 들어있습니다. 조 2위 안에 들어야 8강 토너먼트에 올라갈 수 있습니다. 허구연 KBO 총재는 ""유럽 야구 강국인 체코를 국내로 초청해 경기하게 돼 기쁘게 생각하며 이번 평가전이 두 나라 우호 관계를 더욱 증진하고 내년 WBC에서 모두 선전할 수 있는 계기가 되기를 바란다""고 말했습니다. 얀차렉 주한체코대사 역시 ""이번 평가전 개최는 한국과 체코의 관계가 그 어느 때보다 좋은 상황으로 앞으로도 계속 발전할 것이라는 점을 보여준다""며 ""이번 평가전에서 훌륭한 경기가 펼쳐지기를 바란다""고 밝혔습니다. 한국 야구 대표팀은 체코와 두 차례 평가전을 마친 뒤 일본으로 이동, 11월 15일과 16일에는 일본 대표팀과 평가전을 치릅니다. (사진=KBO 제공, 연합뉴스)"
"황선우, 주종목서 4연속 메달 시동…15세 김승원, 배영 100m 준결승행","경영 국가대표 황선우가 8일 충북 진천 국가대표선수촌에서 인터뷰하고 있다. 김우민과 더불어 한국 수영을 이끌고 있는 황선우가 세계선수권 남자 자유형 200ｍ에서 4회 연속 메달을 향한 1차 관문을 통과했습니다. 황선우는 28일 싱가포르 세계수영선수권 아레나에서 열린 2025 세계선수권 남자 자유형 200ｍ 예선에서 1분 46초 12의 기록으로 6조 5위이자 전체 8위에 자리해 상위 16명이 겨루는 준결승에 올랐습니다. 황선우는 지난해 도하에서 열린 세계선수권 이 종목에서 1분 44초 75의 기록으로 금메달을 목에 건 디펜딩챔피언입니다. 2022 부다페스트 대회 남자 자유형 200ｍ 은메달을 차지하며 한국 수영의 미래로 단숨에 도약했던 그는 2023 후쿠오카 대회에서는 동메달을 목에 걸었고 작년에는 금메달을 수집했습니다. 세계선수권대회 남자 자유형 200ｍ 3회 연속 메달에 빛나는 황선우는 이번 대회를 통해 한국 경영 선수의 세계선수권대회 개인 종목 최다 메달에 도전합니다. 황선우는 작년 도하 대회에서 자유형 200ｍ 금메달과 계영 800ｍ 은메달을 추가해 총 4개의 세계선수권대회 메달(금1, 은2, 동1)로 박태환(금2, 동1)을 추월한 바 있습니다. 다만 개인전 메달은 2007 멜버른 대회 자유형 400ｍ 금메달과 자유형 200ｍ 동메달, 2011 상하이 대회 자유형 400ｍ 금메달을 수확한 박태환과 3개로 동일합니다. 2024 파리 올림픽 이 종목 금메달리스트인 루마니아의 다비드 포포비치는 1분 45초 43의 기록으로 전체 1위를 했고, 파리 동메달리스트 루크 홉슨이 1분 45초 61로 전체 2위를 차지했습니다. 남자 자유형 200ｍ 준결승은 한국 시간 기준 이날 오후 9시 7분 같은 장소에서 열립니다. 또한, 결승은 29일 오후 8시 2분에 펼쳐집니다. 황선우와 함께 출전한 이호준은 1분 47초 36으로 전체 21위를 해 준결승에 오르지 못했습니다. 한국 수영 간판이었던 황선우는 지난해 파리 올림픽에서 아픔을 겪었습니다. 황선우는 2024 파리올림픽 이 종목 예선에서 1분 46초 13에 터치패드를 찍고 전체 4위로 순조롭게 준결승에 올라갔습니다. 그러나 준결승에서 페이스 조절 실패로 1분 45초 92에 골인, 16명 가운데 9위에 그쳐 8명이 겨루는 결승에 진출하지 못했습니다. 유력한 올림픽 메달 후보였으나 결승조차 올라가지 못한 것입니다. 이 때문에 황선우는 이번 대회 출국 직전 공항에서 ""올림픽에서 부진한 모습을 보여서 저도 아주 아쉬웠지만, 연습할 때 기록도 거의 베스트에 근접하게 나와주고 있다. 싱가포르에서도 연속 포디움(시상대) 기록을 이어가고 싶다""는 목표를 밝히기도 했습니다. 남자 자유형 200ｍ 한국 기록은 황선우가 2023 항저우 아시안게임에서 작성한 1분 44초 40입니다. 한편 여자 배영 100m에서는 15살 중학생 김승원이 준결승에 올랐습니다. 김승원은 대회 배영 100m 예선 5조 경기에서 1분 00초 51의 기록으로 조 7위이자 전체 15위에 올라 상위 16명이 겨루는 준결승에 진출했습니다. 김승원은 지난 3월 국가대표선발전에서 국가대표 선배 이은지 등을 제치고 배영 100m와 50m 모두 1위에 오른 한국 여자 수영의 떠오르는 유망주입니다. (사진=연합뉴스)"
'2027년 충청에서 다시 만나요'…하계 유니버시아드 대회기 인수,"대전·세종·충북·충남 등 충청권 4개 시도가 2027 충청 하계 유니버시아드대회(U대회)의 성공 개최를 위한 첫발을 내디뎠습니다. 강창희 충청 U대회 조직위원장을 비롯해 명예 조직위원장인 이장우 대전시장· 최민호 세종시장·김영환 충북지사· 김태흠 충남지사는 한국 시간으로 오늘 새벽 독일 뒤스부르크 노드 환경공원에서 열린 2025 라인-루르 U대회 폐회식에 참석해 대회기를 인수했습니다. 레온즈 에더 국제대학스포츠연맹(FISU) 회장은 요르크 뵈어스터 독일 대학스포츠연맹 의장으로부터 대회기를 받아 강 위원장에게 전달했습니다. 각 시도지사는 차례로 대회기를 흔들며 2년 뒤 열릴 대회의 성공을 다짐했습니다. 인수된 대회기는 우리 선수단과 함께 한국으로 운반돼 2027년까지 조직위원회가 보관하게 됩니다. 이미지 확대하기 대회기 인수에 이어 다음 대회 장소인 충청을 세계에 알리는 문화 공연이 펼쳐졌습니다. 관중석 천장에서 내려온 가야금을 연주하는 박선주 씨의 무대로 시작된 공연은 도포와 갓을 입은 판소리 명창 정보권 씨의 '충청의 울림'으로 이어졌습니다. 이어 수묵화를 형상화한 영상이 무대를 가득 채웠고, 11명의 무용수가 전통과 현대를 넘나드는 안무를 선보이며 관객을 매료시켰습니다. 무대 후반에는 전통 가야금 선율과 DJ의 빠른 비트, 판소리와 부채춤이 어우러지며 축제 분위기를 고조시켰고, 관중석에서는 기립박수가 쏟아져 나왔습니다. 문화 공연은 '스포츠 그 이상 의미 있고 색다른 여정'이라는 메시지로 마무리되며 2027년 충청에서 다시 만날 것을 세계에 약속했습니다. 강창희 조직위원장은 ""충청은 유구한 역사와 문화를 간직하고 있고 한국적인 전통과 현대가 조화를 이루는 아름다운 곳""이라며 ""충청권 4개 시도는 연대와 화합을 통해 하나의 메가시티로 도약하기 위해 노력하고 있다""고 말했습니다. ""남은 2년 동안 참가 선수들의 도전이 의미 있고 색다르게 추억될 수 있도록 준비할 것""이라며 ""대한민국의 전통과 문화유산뿐만 아니라 케이팝, 케이푸드 같은 다양한 한국 문화 체험도 만끽할 수 있을 것""이라고 강조했습니다. 2년마다 열리는 유니버시아드 대회는 세계 대학생 스포츠 최대 축제입니다. 이미지 확대하기 충청 U대회는 2027년 8월 1일부터 12일까지 대전·세종·충북·충남 등 충청권 4개 시도에서 개최되고, 양궁, 펜싱, 체조 등 18개 종목에 150개국의 1만 5천여 명이 참가할 예정입니다. 한국에서는 1997년 무주·전주 동계와 2003년 대구 하계·2015년 광주 하계에 이어 네 번째로 개최됩니다. 올해 대회에서 우리나라는 금메달 21개, 은메달 9개, 동메달 27개로 종합 4위를 차지했습니다. 일본이 종합 1위를 차지했고, 중국이 2위, 미국이 3위에 자리했습니다. 이미지 확대하기 (사진=국제대학스포츠연맹 SNS 캡처, 연합뉴스)"
